OM,Burst Length,FSN,Start Address,Data,R/W,Opcode
1,32,0,0x0100,0xFF;0xFF;0xFF;0xFF;0xFF;0xFF;0xFF;0xFF;0xFF;0xFF;0xFF;0xFF;0xFF;0xFF;0xFF;0xFF;0xFF;0xFF;0xFF;0xFF;0xFF;0xFF;0xFF;0xFF;0xFF;0xFF;0xFF;0xFF;0xFF;0xFF;0xFF;0xFF,R/W,
1,32,0,0x1100,0xFF;0xFF;0xFF;0xFF;0xFF;0xFF;0xFF;0xFF;0xFF;0xFF;0xFF;0xFF;0xFF;0xFF;0xFF;0xFF;0xFF;0xFF;0xFF;0xFF;0xFF;0xFF;0xFF;0xFF;0xFF;0xFF;0xFF;0xFF;0xFF;0xFF;0xFF;0xFF,R/W,
1,32,0,0x2100,0xFF;0xFF;0xFF;0xFF;0xFF;0xFF;0xFF;0xFF;0xFF;0xFF;0xFF;0xFF;0xFF;0xFF;0xFF;0xFF;0xFF;0xFF;0xFF;0xFF;0xFF;0xFF;0xFF;0xFF;0xFF;0xFF;0xFF;0xFF;0xFF;0xFF;0xFF;0xFF,R/W,
1,32,0,0x3100,0xFF;0xFF;0xFF;0xFF;0xFF;0xFF;0xFF;0xFF;0xFF;0xFF;0xFF;0xFF;0xFF;0xFF;0xFF;0xFF;0xFF;0xFF;0xFF;0xFF;0xFF;0xFF;0xFF;0xFF;0xFF;0xFF;0xFF;0xFF;0xFF;0xFF;0xFF;0xFF,R/W,
1,32,0,0x4100,0xFF;0xFF;0xFF;0xFF;0xFF;0xFF;0xFF;0xFF;0xFF;0xFF;0xFF;0xFF;0xFF;0xFF;0xFF;0xFF;0xFF;0xFF;0xFF;0xFF;0xFF;0xFF;0xFF;0xFF;0xFF;0xFF;0xFF;0xFF;0xFF;0xFF;0xFF;0xFF,R/W,
1,32,0,0x5100,0xFF;0xFF;0xFF;0xFF;0xFF;0xFF;0xFF;0xFF;0xFF;0xFF;0xFF;0xFF;0xFF;0xFF;0xFF;0xFF;0xFF;0xFF;0xFF;0xFF;0xFF;0xFF;0xFF;0xFF;0xFF;0xFF;0xFF;0xFF;0xFF;0xFF;0xFF;0xFF,R/W,
1,32,0,0x6100,0xFF;0xFF;0xFF;0xFF;0xFF;0xFF;0xFF;0xFF;0xFF;0xFF;0xFF;0xFF;0xFF;0xFF;0xFF;0xFF;0xFF;0xFF;0xFF;0xFF;0xFF;0xFF;0xFF;0xFF;0xFF;0xFF;0xFF;0xFF;0xFF;0xFF;0xFF;0xFF,R/W,
1,32,0,0x7100,0xFF;0xFF;0xFF;0xFF;0xFF;0xFF;0xFF;0xFF;0xFF;0xFF;0xFF;0xFF;0xFF;0xFF;0xFF;0xFF;0xFF;0xFF;0xFF;0xFF;0xFF;0xFF;0xFF;0xFF;0xFF;0xFF;0xFF;0xFF;0xFF;0xFF;0xFF;0xFF,R/W,
1,32,0,0x8100,0xFF;0xFF;0xFF;0xFF;0xFF;0xFF;0xFF;0xFF;0xFF;0xFF;0xFF;0xFF;0xFF;0xFF;0xFF;0xFF;0xFF;0xFF;0xFF;0xFF;0xFF;0xFF;0xFF;0xFF;0xFF;0xFF;0xFF;0xFF;0xFF;0xFF;0xFF;0xFF,R/W,
1,32,0,0x8120,0xFF;0xFF;0xFF;0xFF;0xFF;0xFF;0xFF;0xFF;0xFF;0xFF;0xFF;0xFF;0xFF;0xFF;0xFF;0xFF;0xFF;0xFF;0xFF;0xFF;0xFF;0xFF;0xFF;0xFF;0xFF;0xFF;0xFF;0xFF;0xFF;0xFF;0xFF;0xFF,R/W,
1,32,0,0x9100,0xFF;0xFF;0xFF;0xFF;0xFF;0xFF;0xFF;0xFF;0xFF;0xFF;0xFF;0xFF;0xFF;0xFF;0xFF;0xFF;0xFF;0xFF;0xFF;0xFF;0xFF;0xFF;0xFF;0xFF;0xFF;0xFF;0xFF;0xFF;0xFF;0xFF;0xFF;0xFF,R/W,
1,32,0,0x9120,0xFF;0xFF;0xFF;0xFF;0xFF;0xFF;0xFF;0xFF;0xFF;0xFF;0xFF;0xFF;0xFF;0xFF;0xFF;0xFF;0xFF;0xFF;0xFF;0xFF;0xFF;0xFF;0xFF;0xFF;0xFF;0xFF;0xFF;0xFF;0xFF;0xFF;0xFF;0xFF,R/W,
1,32,0,0x9140,0xFF;0xFF;0xFF;0xFF;0xFF;0xFF;0xFF;0xFF;0xFF;0xFF;0xFF;0xFF;0xFF;0xFF;0xFF;0xFF;0xFF;0xFF;0xFF;0xFF;0xFF;0xFF;0xFF;0xFF;0xFF;0xFF;0xFF;0xFF;0xFF;0xFF;0xFF;0xFF,R/W,
1,32,0,0x0900,0xFF;0xFF;0xFF;0xFF;0xFF;0xFF;0xFF;0xFF;0xFF;0xFF;0xFF;0xFF;0xFF;0xFF;0xFF;0xFF;0xFF;0xFF;0xFF;0xFF;0xFF;0xFF;0xFF;0xFF;0xFF;0xFF;0xFF;0xFF;0xFF;0xFF;0xFF;0xFF,R/W,
1,32,0,0x1900,0xFF;0xFF;0xFF;0xFF;0xFF;0xFF;0xFF;0xFF;0xFF;0xFF;0xFF;0xFF;0xFF;0xFF;0xFF;0xFF;0xFF;0xFF;0xFF;0xFF;0xFF;0xFF;0xFF;0xFF;0xFF;0xFF;0xFF;0xFF;0xFF;0xFF;0xFF;0xFF,R/W,
1,32,0,0x2900,0xFF;0xFF;0xFF;0xFF;0xFF;0xFF;0xFF;0xFF;0xFF;0xFF;0xFF;0xFF;0xFF;0xFF;0xFF;0xFF;0xFF;0xFF;0xFF;0xFF;0xFF;0xFF;0xFF;0xFF;0xFF;0xFF;0xFF;0xFF;0xFF;0xFF;0xFF;0xFF,R/W,
1,32,0,0x3900,0xFF;0xFF;0xFF;0xFF;0xFF;0xFF;0xFF;0xFF;0xFF;0xFF;0xFF;0xFF;0xFF;0xFF;0xFF;0xFF;0xFF;0xFF;0xFF;0xFF;0xFF;0xFF;0xFF;0xFF;0xFF;0xFF;0xFF;0xFF;0xFF;0xFF;0xFF;0xFF,R/W,
1,32,0,0x4900,0xFF;0xFF;0xFF;0xFF;0xFF;0xFF;0xFF;0xFF;0xFF;0xFF;0xFF;0xFF;0xFF;0xFF;0xFF;0xFF;0xFF;0xFF;0xFF;0xFF;0xFF;0xFF;0xFF;0xFF;0xFF;0xFF;0xFF;0xFF;0xFF;0xFF;0xFF;0xFF,R/W,
1,32,0,0x5900,0xFF;0xFF;0xFF;0xFF;0xFF;0xFF;0xFF;0xFF;0xFF;0xFF;0xFF;0xFF;0xFF;0xFF;0xFF;0xFF;0xFF;0xFF;0xFF;0xFF;0xFF;0xFF;0xFF;0xFF;0xFF;0xFF;0xFF;0xFF;0xFF;0xFF;0xFF;0xFF,R/W,
1,32,0,0x6900,0xFF;0xFF;0xFF;0xFF;0xFF;0xFF;0xFF;0xFF;0xFF;0xFF;0xFF;0xFF;0xFF;0xFF;0xFF;0xFF;0xFF;0xFF;0xFF;0xFF;0xFF;0xFF;0xFF;0xFF;0xFF;0xFF;0xFF;0xFF;0xFF;0xFF;0xFF;0xFF,R/W,
1,32,0,0x7900,0xFF;0xFF;0xFF;0xFF;0xFF;0xFF;0xFF;0xFF;0xFF;0xFF;0xFF;0xFF;0xFF;0xFF;0xFF;0xFF;0xFF;0xFF;0xFF;0xFF;0xFF;0xFF;0xFF;0xFF;0xFF;0xFF;0xFF;0xFF;0xFF;0xFF;0xFF;0xFF,R/W,
1,32,0,0x8900,0xFF;0xFF;0xFF;0xFF;0xFF;0xFF;0xFF;0xFF;0xFF;0xFF;0xFF;0xFF;0xFF;0xFF;0xFF;0xFF;0xFF;0xFF;0xFF;0xFF;0xFF;0xFF;0xFF;0xFF;0xFF;0xFF;0xFF;0xFF;0xFF;0xFF;0xFF;0xFF,R/W,
1,32,0,0x8920,0xFF;0xFF;0xFF;0xFF;0xFF;0xFF;0xFF;0xFF;0xFF;0xFF;0xFF;0xFF;0xFF;0xFF;0xFF;0xFF;0xFF;0xFF;0xFF;0xFF;0xFF;0xFF;0xFF;0xFF;0xFF;0xFF;0xFF;0xFF;0xFF;0xFF;0xFF;0xFF,R/W,
1,32,0,0x0100,0x0;0x0;0x0;0x0;0x0;0x0;0x0;0x0;0x0;0x0;0x0;0x0;0x0;0x0;0x0;0x0;0x0;0x0;0x0;0x0;0x0;0x0;0x0;0x0;0x0;0x0;0x0;0x0;0x0;0x0;0x0;0x0,R/W,
1,32,0,0x1100,0x0;0x0;0x0;0x0;0x0;0x0;0x0;0x0;0x0;0x0;0x0;0x0;0x0;0x0;0x0;0x0;0x0;0x0;0x0;0x0;0x0;0x0;0x0;0x0;0x0;0x0;0x0;0x0;0x0;0x0;0x0;0x0,R/W,
1,32,0,0x2100,0x0;0x0;0x0;0x0;0x0;0x0;0x0;0x0;0x0;0x0;0x0;0x0;0x0;0x0;0x0;0x0;0x0;0x0;0x0;0x0;0x0;0x0;0x0;0x0;0x0;0x0;0x0;0x0;0x0;0x0;0x0;0x0,R/W,
1,32,0,0x3100,0x0;0x0;0x0;0x0;0x0;0x0;0x0;0x0;0x0;0x0;0x0;0x0;0x0;0x0;0x0;0x0;0x0;0x0;0x0;0x0;0x0;0x0;0x0;0x0;0x0;0x0;0x0;0x0;0x0;0x0;0x0;0x0,R/W,
1,32,0,0x4100,0x0;0x0;0x0;0x0;0x0;0x0;0x0;0x0;0x0;0x0;0x0;0x0;0x0;0x0;0x0;0x0;0x0;0x0;0x0;0x0;0x0;0x0;0x0;0x0;0x0;0x0;0x0;0x0;0x0;0x0;0x0;0x0,R/W,
1,32,0,0x5100,0x0;0x0;0x0;0x0;0x0;0x0;0x0;0x0;0x0;0x0;0x0;0x0;0x0;0x0;0x0;0x0;0x0;0x0;0x0;0x0;0x0;0x0;0x0;0x0;0x0;0x0;0x0;0x0;0x0;0x0;0x0;0x0,R/W,
1,32,0,0x6100,0x0;0x0;0x0;0x0;0x0;0x0;0x0;0x0;0x0;0x0;0x0;0x0;0x0;0x0;0x0;0x0;0x0;0x0;0x0;0x0;0x0;0x0;0x0;0x0;0x0;0x0;0x0;0x0;0x0;0x0;0x0;0x0,R/W,
1,32,0,0x7100,0x0;0x0;0x0;0x0;0x0;0x0;0x0;0x0;0x0;0x0;0x0;0x0;0x0;0x0;0x0;0x0;0x0;0x0;0x0;0x0;0x0;0x0;0x0;0x0;0x0;0x0;0x0;0x0;0x0;0x0;0x0;0x0,R/W,
1,32,0,0x8100,0x0;0x0;0x0;0x0;0x0;0x0;0x0;0x0;0x0;0x0;0x0;0x0;0x0;0x0;0x0;0x0;0x0;0x0;0x0;0x0;0x0;0x0;0x0;0x0;0x0;0x0;0x0;0x0;0x0;0x0;0x0;0x0,R/W,
1,32,0,0x8120,0x0;0x0;0x0;0x0;0x0;0x0;0x0;0x0;0x0;0x0;0x0;0x0;0x0;0x0;0x0;0x0;0x0;0x0;0x0;0x0;0x0;0x0;0x0;0x0;0x0;0x0;0x0;0x0;0x0;0x0;0x0;0x0,R/W,
1,32,0,0x9100,0x0;0x0;0x0;0x0;0x0;0x0;0x0;0x0;0x0;0x0;0x0;0x0;0x0;0x0;0x0;0x0;0x0;0x0;0x0;0x0;0x0;0x0;0x0;0x0;0x0;0x0;0x0;0x0;0x0;0x0;0x0;0x0,R/W,
1,32,0,0x9120,0x0;0x0;0x0;0x0;0x0;0x0;0x0;0x0;0x0;0x0;0x0;0x0;0x0;0x0;0x0;0x0;0x0;0x0;0x0;0x0;0x0;0x0;0x0;0x0;0x0;0x0;0x0;0x0;0x0;0x0;0x0;0x0,R/W,
1,32,0,0x9140,0x0;0x0;0x0;0x0;0x0;0x0;0x0;0x0;0x0;0x0;0x0;0x0;0x0;0x0;0x0;0x0;0x0;0x0;0x0;0x0;0x0;0x0;0x0;0x0;0x0;0x0;0x0;0x0;0x0;0x0;0x0;0x0,R/W,
1,32,0,0x0900,0x0;0x0;0x0;0x0;0x0;0x0;0x0;0x0;0x0;0x0;0x0;0x0;0x0;0x0;0x0;0x0;0x0;0x0;0x0;0x0;0x0;0x0;0x0;0x0;0x0;0x0;0x0;0x0;0x0;0x0;0x0;0x0,R/W,
1,32,0,0x1900,0x0;0x0;0x0;0x0;0x0;0x0;0x0;0x0;0x0;0x0;0x0;0x0;0x0;0x0;0x0;0x0;0x0;0x0;0x0;0x0;0x0;0x0;0x0;0x0;0x0;0x0;0x0;0x0;0x0;0x0;0x0;0x0,R/W,
1,32,0,0x2900,0x0;0x0;0x0;0x0;0x0;0x0;0x0;0x0;0x0;0x0;0x0;0x0;0x0;0x0;0x0;0x0;0x0;0x0;0x0;0x0;0x0;0x0;0x0;0x0;0x0;0x0;0x0;0x0;0x0;0x0;0x0;0x0,R/W,
1,32,0,0x3900,0x0;0x0;0x0;0x0;0x0;0x0;0x0;0x0;0x0;0x0;0x0;0x0;0x0;0x0;0x0;0x0;0x0;0x0;0x0;0x0;0x0;0x0;0x0;0x0;0x0;0x0;0x0;0x0;0x0;0x0;0x0;0x0,R/W,
1,32,0,0x4900,0x0;0x0;0x0;0x0;0x0;0x0;0x0;0x0;0x0;0x0;0x0;0x0;0x0;0x0;0x0;0x0;0x0;0x0;0x0;0x0;0x0;0x0;0x0;0x0;0x0;0x0;0x0;0x0;0x0;0x0;0x0;0x0,R/W,
1,32,0,0x5900,0x0;0x0;0x0;0x0;0x0;0x0;0x0;0x0;0x0;0x0;0x0;0x0;0x0;0x0;0x0;0x0;0x0;0x0;0x0;0x0;0x0;0x0;0x0;0x0;0x0;0x0;0x0;0x0;0x0;0x0;0x0;0x0,R/W,
1,32,0,0x6900,0x0;0x0;0x0;0x0;0x0;0x0;0x0;0x0;0x0;0x0;0x0;0x0;0x0;0x0;0x0;0x0;0x0;0x0;0x0;0x0;0x0;0x0;0x0;0x0;0x0;0x0;0x0;0x0;0x0;0x0;0x0;0x0,R/W,
1,32,0,0x7900,0x0;0x0;0x0;0x0;0x0;0x0;0x0;0x0;0x0;0x0;0x0;0x0;0x0;0x0;0x0;0x0;0x0;0x0;0x0;0x0;0x0;0x0;0x0;0x0;0x0;0x0;0x0;0x0;0x0;0x0;0x0;0x0,R/W,
1,32,0,0x8900,0x0;0x0;0x0;0x0;0x0;0x0;0x0;0x0;0x0;0x0;0x0;0x0;0x0;0x0;0x0;0x0;0x0;0x0;0x0;0x0;0x0;0x0;0x0;0x0;0x0;0x0;0x0;0x0;0x0;0x0;0x0;0x0,R/W,
1,32,0,0x8920,0x0;0x0;0x0;0x0;0x0;0x0;0x0;0x0;0x0;0x0;0x0;0x0;0x0;0x0;0x0;0x0;0x0;0x0;0x0;0x0;0x0;0x0;0x0;0x0;0x0;0x0;0x0;0x0;0x0;0x0;0x0;0x0,R/W,
